epoch,train_loss,val_loss,val_pos_rmse,val_quat_angle_deg,epoch_time,current_lr,model_type,sequence_length,batch_size,learning_rate,lr_scheduler,optimizer,timestamp,kernel_size,num_layers,dropout,activation,norm
1,0.03357091360702747,0.018558291247262507,0.02529791751342747,1.4657817921467078,2025-01-29 06:37:01,0.001,tcn,200,32,0.001,"['type=ReduceLROnPlateau', 'mode=min', 'factor=0.1', 'patience=10', 'threshold=0.0001', 'min_lr=1e-06']",Adam,20250129_063645,7,6,0.2,gelu,group
2,0.01839236341439551,0.01903511625584041,0.025325713714038002,3.7040208258059586,2025-01-29 06:37:15,0.001,tcn,200,32,0.001,"['type=ReduceLROnPlateau', 'mode=min', 'factor=0.1', 'patience=10', 'threshold=0.0001', 'min_lr=1e-06']",Adam,20250129_063645,7,6,0.2,gelu,group
3,0.017125007876183655,0.021246268692487313,0.02581956982950126,5.3395082282015425,2025-01-29 06:37:30,0.001,tcn,200,32,0.001,"['type=ReduceLROnPlateau', 'mode=min', 'factor=0.1', 'patience=10', 'threshold=0.0001', 'min_lr=1e-06']",Adam,20250129_063645,7,6,0.2,gelu,group
4,0.017047811094841853,0.02019393348317837,0.02654801395755254,1.2208682620401947,2025-01-29 06:37:44,0.001,tcn,200,32,0.001,"['type=ReduceLROnPlateau', 'mode=min', 'factor=0.1', 'patience=10', 'threshold=0.0001', 'min_lr=1e-06']",Adam,20250129_063645,7,6,0.2,gelu,group
5,0.016391084369885303,0.019274138149187388,0.025613695477431395,2.640202494259523,2025-01-29 06:37:57,0.001,tcn,200,32,0.001,"['type=ReduceLROnPlateau', 'mode=min', 'factor=0.1', 'patience=10', 'threshold=0.0001', 'min_lr=1e-06']",Adam,20250129_063645,7,6,0.2,gelu,group
6,0.01613326591095978,0.017950518587691203,0.024668625221750885,2.826303030819498,2025-01-29 06:38:12,0.001,tcn,200,32,0.001,"['type=ReduceLROnPlateau', 'mode=min', 'factor=0.1', 'patience=10', 'threshold=0.0001', 'min_lr=1e-06']",Adam,20250129_063645,7,6,0.2,gelu,group
7,0.015954120203614145,0.017887671850186502,0.024814170058701866,1.450789729390551,2025-01-29 06:38:26,0.001,tcn,200,32,0.001,"['type=ReduceLROnPlateau', 'mode=min', 'factor=0.1', 'patience=10', 'threshold=0.0001', 'min_lr=1e-06']",Adam,20250129_063645,7,6,0.2,gelu,group
8,0.016423487077785157,0.018439204136135978,0.025189902354694566,1.632780710784519,2025-01-29 06:38:40,0.001,tcn,200,32,0.001,"['type=ReduceLROnPlateau', 'mode=min', 'factor=0.1', 'patience=10', 'threshold=0.0001', 'min_lr=1e-06']",Adam,20250129_063645,7,6,0.2,gelu,group
9,0.015864681552885465,0.018701472570989107,0.025576817190974023,1.4668390180081927,2025-01-29 06:38:54,0.001,tcn,200,32,0.001,"['type=ReduceLROnPlateau', 'mode=min', 'factor=0.1', 'patience=10', 'threshold=0.0001', 'min_lr=1e-06']",Adam,20250129_063645,7,6,0.2,gelu,group
10,0.01592749357670716,0.01776918511463451,0.02438669393680562,1.6178132099790778,2025-01-29 06:39:08,0.001,tcn,200,32,0.001,"['type=ReduceLROnPlateau', 'mode=min', 'factor=0.1', 'patience=10', 'threshold=0.0001', 'min_lr=1e-06']",Adam,20250129_063645,7,6,0.2,gelu,group
11,0.016106863995082675,0.01825468139244226,0.025177090189957955,2.020683273215412,2025-01-29 06:39:22,0.001,tcn,200,32,0.001,"['type=ReduceLROnPlateau', 'mode=min', 'factor=0.1', 'patience=10', 'threshold=0.0001', 'min_lr=1e-06']",Adam,20250129_063645,7,6,0.2,gelu,group
12,0.015943144264818375,0.019310312133465207,0.02642136714835085,2.4576807544046315,2025-01-29 06:39:36,0.001,tcn,200,32,0.001,"['type=ReduceLROnPlateau', 'mode=min', 'factor=0.1', 'patience=10', 'threshold=0.0001', 'min_lr=1e-06']",Adam,20250129_063645,7,6,0.2,gelu,group
13,0.01564191668819659,0.018727906557478916,0.02593490969262746,2.094746305553605,2025-01-29 06:39:50,0.001,tcn,200,32,0.001,"['type=ReduceLROnPlateau', 'mode=min', 'factor=0.1', 'patience=10', 'threshold=0.0001', 'min_lr=1e-06']",Adam,20250129_063645,7,6,0.2,gelu,group
14,0.015920716730974296,0.01733754308476487,0.02388187094090298,1.3467402979687522,2025-01-29 06:40:04,0.001,tcn,200,32,0.001,"['type=ReduceLROnPlateau', 'mode=min', 'factor=0.1', 'patience=10', 'threshold=0.0001', 'min_lr=1e-06']",Adam,20250129_063645,7,6,0.2,gelu,group
15,0.015827657288457152,0.01679843020185863,0.023400036735678708,1.1995548578357673,2025-01-29 06:40:18,0.001,tcn,200,32,0.001,"['type=ReduceLROnPlateau', 'mode=min', 'factor=0.1', 'patience=10', 'threshold=0.0001', 'min_lr=1e-06']",Adam,20250129_063645,7,6,0.2,gelu,group
16,0.01596574515740319,0.02048143146072175,0.02922719750298955,1.3180490722597604,2025-01-29 06:40:32,0.001,tcn,200,32,0.001,"['type=ReduceLROnPlateau', 'mode=min', 'factor=0.1', 'patience=10', 'threshold=0.0001', 'min_lr=1e-06']",Adam,20250129_063645,7,6,0.2,gelu,group
17,0.015792188707529,0.017048914856973723,0.023947680406022718,0.9953996440353953,2025-01-29 06:40:46,0.001,tcn,200,32,0.001,"['type=ReduceLROnPlateau', 'mode=min', 'factor=0.1', 'patience=10', 'threshold=0.0001', 'min_lr=1e-06']",Adam,20250129_063645,7,6,0.2,gelu,group
18,0.01581700139696051,0.01821944951547623,0.0253006346892502,0.845193307631139,2025-01-29 06:40:59,0.001,tcn,200,32,0.001,"['type=ReduceLROnPlateau', 'mode=min', 'factor=0.1', 'patience=10', 'threshold=0.0001', 'min_lr=1e-06']",Adam,20250129_063645,7,6,0.2,gelu,group
19,0.015595584828690513,0.01664035736308999,0.023267117057012714,1.1014229356704097,2025-01-29 06:41:14,0.001,tcn,200,32,0.001,"['type=ReduceLROnPlateau', 'mode=min', 'factor=0.1', 'patience=10', 'threshold=0.0001', 'min_lr=1e-06']",Adam,20250129_063645,7,6,0.2,gelu,group
20,0.015560772709928953,0.01661729591106561,0.023099057301641905,0.9233125534823805,2025-01-29 06:41:28,0.001,tcn,200,32,0.001,"['type=ReduceLROnPlateau', 'mode=min', 'factor=0.1', 'patience=10', 'threshold=0.0001', 'min_lr=1e-06']",Adam,20250129_063645,7,6,0.2,gelu,group
21,0.015644979155366875,0.01645440410465768,0.022929175308108424,0.9678877270245214,2025-01-29 06:41:42,0.001,tcn,200,32,0.001,"['type=ReduceLROnPlateau', 'mode=min', 'factor=0.1', 'patience=10', 'threshold=0.0001', 'min_lr=1e-06']",Adam,20250129_063645,7,6,0.2,gelu,group
22,0.015720588204780277,0.01652636025895182,0.023216413064534994,0.8138206893241628,2025-01-29 06:41:56,0.001,tcn,200,32,0.001,"['type=ReduceLROnPlateau', 'mode=min', 'factor=0.1', 'patience=10', 'threshold=0.0001', 'min_lr=1e-06']",Adam,20250129_063645,7,6,0.2,gelu,group
23,0.01544536035962221,0.017494467090353995,0.024157193454085943,1.0088561496317834,2025-01-29 06:42:10,0.001,tcn,200,32,0.001,"['type=ReduceLROnPlateau', 'mode=min', 'factor=0.1', 'patience=10', 'threshold=0.0001', 'min_lr=1e-06']",Adam,20250129_063645,7,6,0.2,gelu,group
24,0.01569413386949724,0.016248273408632274,0.022633621557732037,1.0206458635338127,2025-01-29 06:42:25,0.001,tcn,200,32,0.001,"['type=ReduceLROnPlateau', 'mode=min', 'factor=0.1', 'patience=10', 'threshold=0.0001', 'min_lr=1e-06']",Adam,20250129_063645,7,6,0.2,gelu,group
25,0.015177456935492866,0.016276736644740764,0.022712681324727837,1.0177555596591106,2025-01-29 06:42:39,0.001,tcn,200,32,0.001,"['type=ReduceLROnPlateau', 'mode=min', 'factor=0.1', 'patience=10', 'threshold=0.0001', 'min_lr=1e-06']",Adam,20250129_063645,7,6,0.2,gelu,group
26,0.015363498194932528,0.016395567248305567,0.022890007961981155,1.2472169226190544,2025-01-29 06:42:52,0.001,tcn,200,32,0.001,"['type=ReduceLROnPlateau', 'mode=min', 'factor=0.1', 'patience=10', 'threshold=0.0001', 'min_lr=1e-06']",Adam,20250129_063645,7,6,0.2,gelu,group
27,0.015502711228043886,0.016385206238967234,0.02259093180493371,1.207955960218885,2025-01-29 06:43:06,0.001,tcn,200,32,0.001,"['type=ReduceLROnPlateau', 'mode=min', 'factor=0.1', 'patience=10', 'threshold=0.0001', 'min_lr=1e-06']",Adam,20250129_063645,7,6,0.2,gelu,group
28,0.015518314911268379,0.01673538264030782,0.023086102360431307,1.100867773595881,2025-01-29 06:43:20,0.001,tcn,200,32,0.001,"['type=ReduceLROnPlateau', 'mode=min', 'factor=0.1', 'patience=10', 'threshold=0.0001', 'min_lr=1e-06']",Adam,20250129_063645,7,6,0.2,gelu,group
29,0.015347482028939739,0.016761690166030324,0.02317898097532732,1.1151247146764598,2025-01-29 06:43:34,0.001,tcn,200,32,0.001,"['type=ReduceLROnPlateau', 'mode=min', 'factor=0.1', 'patience=10', 'threshold=0.0001', 'min_lr=1e-06']",Adam,20250129_063645,7,6,0.2,gelu,group
30,0.01491706643776014,0.016174758181724452,0.0224022349610589,1.1645331331519964,2025-01-29 06:43:48,0.001,tcn,200,32,0.001,"['type=ReduceLROnPlateau', 'mode=min', 'factor=0.1', 'patience=10', 'threshold=0.0001', 'min_lr=1e-06']",Adam,20250129_063645,7,6,0.2,gelu,group
31,0.015178780777453695,0.01681352551878543,0.023041156885847285,1.178223162827588,2025-01-29 06:44:02,0.001,tcn,200,32,0.001,"['type=ReduceLROnPlateau', 'mode=min', 'factor=0.1', 'patience=10', 'threshold=0.0001', 'min_lr=1e-06']",Adam,20250129_063645,7,6,0.2,gelu,group
32,0.01545672014159741,0.016785119243497116,0.022901458045434617,0.8779429405702049,2025-01-29 06:44:16,0.001,tcn,200,32,0.001,"['type=ReduceLROnPlateau', 'mode=min', 'factor=0.1', 'patience=10', 'threshold=0.0001', 'min_lr=1e-06']",Adam,20250129_063645,7,6,0.2,gelu,group
33,0.01544085522011922,0.017369002508539184,0.023555858277893853,1.1089333586450576,2025-01-29 06:44:30,0.001,tcn,200,32,0.001,"['type=ReduceLROnPlateau', 'mode=min', 'factor=0.1', 'patience=10', 'threshold=0.0001', 'min_lr=1e-06']",Adam,20250129_063645,7,6,0.2,gelu,group
34,0.015002400573362914,0.016983882764519724,0.02306000355280233,1.123424419532633,2025-01-29 06:44:44,0.001,tcn,200,32,0.001,"['type=ReduceLROnPlateau', 'mode=min', 'factor=0.1', 'patience=10', 'threshold=0.0001', 'min_lr=1e-06']",Adam,20250129_063645,7,6,0.2,gelu,group
35,0.015377507667148077,0.01713056305736721,0.023052412613268503,1.033901871896871,2025-01-29 06:44:58,0.001,tcn,200,32,0.001,"['type=ReduceLROnPlateau', 'mode=min', 'factor=0.1', 'patience=10', 'threshold=0.0001', 'min_lr=1e-06']",Adam,20250129_063645,7,6,0.2,gelu,group
36,0.014760929377601914,0.016220285085021196,0.022390383032121285,0.895982684563974,2025-01-29 06:45:12,0.001,tcn,200,32,0.001,"['type=ReduceLROnPlateau', 'mode=min', 'factor=0.1', 'patience=10', 'threshold=0.0001', 'min_lr=1e-06']",Adam,20250129_063645,7,6,0.2,gelu,group
37,0.015130250435606464,0.016107642743518908,0.022228543994929316,1.0297350040579876,2025-01-29 06:45:26,0.001,tcn,200,32,0.001,"['type=ReduceLROnPlateau', 'mode=min', 'factor=0.1', 'patience=10', 'threshold=0.0001', 'min_lr=1e-06']",Adam,20250129_063645,7,6,0.2,gelu,group
38,0.015126588276769147,0.01646896186241201,0.022412200521191188,1.1485230893533511,2025-01-29 06:45:40,0.001,tcn,200,32,0.001,"['type=ReduceLROnPlateau', 'mode=min', 'factor=0.1', 'patience=10', 'threshold=0.0001', 'min_lr=1e-06']",Adam,20250129_063645,7,6,0.2,gelu,group
39,0.015090618247347998,0.016589427979393192,0.022612838830536643,0.9387978400770978,2025-01-29 06:45:54,0.001,tcn,200,32,0.001,"['type=ReduceLROnPlateau', 'mode=min', 'factor=0.1', 'patience=10', 'threshold=0.0001', 'min_lr=1e-06']",Adam,20250129_063645,7,6,0.2,gelu,group
40,0.014842758015672699,0.017095108863584278,0.02318536679407544,1.0022557478786793,2025-01-29 06:46:08,0.001,tcn,200,32,0.001,"['type=ReduceLROnPlateau', 'mode=min', 'factor=0.1', 'patience=10', 'threshold=0.0001', 'min_lr=1e-06']",Adam,20250129_063645,7,6,0.2,gelu,group
41,0.015043661037102205,0.017070161357139037,0.02294311967877085,0.9319775078285578,2025-01-29 06:46:22,0.001,tcn,200,32,0.001,"['type=ReduceLROnPlateau', 'mode=min', 'factor=0.1', 'patience=10', 'threshold=0.0001', 'min_lr=1e-06']",Adam,20250129_063645,7,6,0.2,gelu,group
42,0.014810625059109909,0.016857368631123033,0.02275971401774086,0.9362109555495616,2025-01-29 06:46:36,0.001,tcn,200,32,0.001,"['type=ReduceLROnPlateau', 'mode=min', 'factor=0.1', 'patience=10', 'threshold=0.0001', 'min_lr=1e-06']",Adam,20250129_063645,7,6,0.2,gelu,group
43,0.014377299194343433,0.016397101403144407,0.022515019631394448,0.7471746406812477,2025-01-29 06:46:50,0.001,tcn,200,32,0.001,"['type=ReduceLROnPlateau', 'mode=min', 'factor=0.1', 'patience=10', 'threshold=0.0001', 'min_lr=1e-06']",Adam,20250129_063645,7,6,0.2,gelu,group
44,0.014616637620450247,0.016433176996891397,0.02237949778837281,0.9348697526419462,2025-01-29 06:47:04,0.001,tcn,200,32,0.001,"['type=ReduceLROnPlateau', 'mode=min', 'factor=0.1', 'patience=10', 'threshold=0.0001', 'min_lr=1e-06']",Adam,20250129_063645,7,6,0.2,gelu,group
45,0.014610556149912045,0.016239951616022562,0.02226640561377472,0.777480958103838,2025-01-29 06:47:17,0.001,tcn,200,32,0.001,"['type=ReduceLROnPlateau', 'mode=min', 'factor=0.1', 'patience=10', 'threshold=0.0001', 'min_lr=1e-06']",Adam,20250129_063645,7,6,0.2,gelu,group
46,0.014557194157514903,0.016392945264091838,0.02260116456061204,0.9362507656133405,2025-01-29 06:47:31,0.001,tcn,200,32,0.001,"['type=ReduceLROnPlateau', 'mode=min', 'factor=0.1', 'patience=10', 'threshold=0.0001', 'min_lr=1e-06']",Adam,20250129_063645,7,6,0.2,gelu,group
47,0.014707057975323462,0.015936058460708672,0.021893789063632135,0.940332289064107,2025-01-29 06:47:46,0.001,tcn,200,32,0.001,"['type=ReduceLROnPlateau', 'mode=min', 'factor=0.1', 'patience=10', 'threshold=0.0001', 'min_lr=1e-06']",Adam,20250129_063645,7,6,0.2,gelu,group
48,0.014655466441621596,0.016103951043936762,0.022396954251756036,0.7006596933369014,2025-01-29 06:47:59,0.001,tcn,200,32,0.001,"['type=ReduceLROnPlateau', 'mode=min', 'factor=0.1', 'patience=10', 'threshold=0.0001', 'min_lr=1e-06']",Adam,20250129_063645,7,6,0.2,gelu,group
49,0.014315040267453097,0.016716349559888315,0.02277155091688361,0.7924789968391566,2025-01-29 06:48:13,0.001,tcn,200,32,0.001,"['type=ReduceLROnPlateau', 'mode=min', 'factor=0.1', 'patience=10', 'threshold=0.0001', 'min_lr=1e-06']",Adam,20250129_063645,7,6,0.2,gelu,group
50,0.014409040754785897,0.01605406190838804,0.0222290669930962,0.6767640981158443,2025-01-29 06:48:27,0.001,tcn,200,32,0.001,"['type=ReduceLROnPlateau', 'mode=min', 'factor=0.1', 'patience=10', 'threshold=0.0001', 'min_lr=1e-06']",Adam,20250129_063645,7,6,0.2,gelu,group
51,0.014363346339299957,0.01646798969437934,0.022564339654222422,0.7248989199207482,2025-01-29 06:48:41,0.001,tcn,200,32,0.001,"['type=ReduceLROnPlateau', 'mode=min', 'factor=0.1', 'patience=10', 'threshold=0.0001', 'min_lr=1e-06']",Adam,20250129_063645,7,6,0.2,gelu,group
52,0.014280637701910853,0.01617617498991889,0.02214937988634593,0.849131658708423,2025-01-29 06:48:55,0.001,tcn,200,32,0.001,"['type=ReduceLROnPlateau', 'mode=min', 'factor=0.1', 'patience=10', 'threshold=0.0001', 'min_lr=1e-06']",Adam,20250129_063645,7,6,0.2,gelu,group
53,0.014406104220741815,0.016972381198913658,0.023640078247516186,0.8110511302907589,2025-01-29 06:49:09,0.001,tcn,200,32,0.001,"['type=ReduceLROnPlateau', 'mode=min', 'factor=0.1', 'patience=10', 'threshold=0.0001', 'min_lr=1e-06']",Adam,20250129_063645,7,6,0.2,gelu,group
54,0.01429598072384734,0.015959159811636623,0.022132349723236976,0.7331970999095113,2025-01-29 06:49:23,0.001,tcn,200,32,0.001,"['type=ReduceLROnPlateau', 'mode=min', 'factor=0.1', 'patience=10', 'threshold=0.0001', 'min_lr=1e-06']",Adam,20250129_063645,7,6,0.2,gelu,group
55,0.0143102365949123,0.01614014057890799,0.0222396827051174,0.7756794202196013,2025-01-29 06:49:37,0.001,tcn,200,32,0.001,"['type=ReduceLROnPlateau', 'mode=min', 'factor=0.1', 'patience=10', 'threshold=0.0001', 'min_lr=1e-06']",Adam,20250129_063645,7,6,0.2,gelu,group
56,0.01433674203254646,0.016037858473180542,0.022112760527343105,0.8021724290587522,2025-01-29 06:49:51,0.001,tcn,200,32,0.001,"['type=ReduceLROnPlateau', 'mode=min', 'factor=0.1', 'patience=10', 'threshold=0.0001', 'min_lr=1e-06']",Adam,20250129_063645,7,6,0.2,gelu,group
57,0.014147134451195597,0.016295685834320974,0.022566857253245018,0.7509580324962802,2025-01-29 06:50:05,0.001,tcn,200,32,0.001,"['type=ReduceLROnPlateau', 'mode=min', 'factor=0.1', 'patience=10', 'threshold=0.0001', 'min_lr=1e-06']",Adam,20250129_063645,7,6,0.2,gelu,group
58,0.014162069659753952,0.01619446728918179,0.022360341250907967,0.9145319345005666,2025-01-29 06:50:18,0.0001,tcn,200,32,0.001,"['type=ReduceLROnPlateau', 'mode=min', 'factor=0.1', 'patience=10', 'threshold=0.0001', 'min_lr=1e-06']",Adam,20250129_063645,7,6,0.2,gelu,group
59,0.013441691581137115,0.015659627925700324,0.02185778328892188,0.5488447412536072,2025-01-29 06:50:33,0.0001,tcn,200,32,0.001,"['type=ReduceLROnPlateau', 'mode=min', 'factor=0.1', 'patience=10', 'threshold=0.0001', 'min_lr=1e-06']",Adam,20250129_063645,7,6,0.2,gelu,group
60,0.013172338027421885,0.015575596417526706,0.021837216212605138,0.5568853396158868,2025-01-29 06:50:47,0.0001,tcn,200,32,0.001,"['type=ReduceLROnPlateau', 'mode=min', 'factor=0.1', 'patience=10', 'threshold=0.0001', 'min_lr=1e-06']",Adam,20250129_063645,7,6,0.2,gelu,group
61,0.013102336446385513,0.015531201139157725,0.02178055921716946,0.5609190444489822,2025-01-29 06:51:01,0.0001,tcn,200,32,0.001,"['type=ReduceLROnPlateau', 'mode=min', 'factor=0.1', 'patience=10', 'threshold=0.0001', 'min_lr=1e-06']",Adam,20250129_063645,7,6,0.2,gelu,group
62,0.013002372919525043,0.015521501579918141,0.021769025818057022,0.5674693773584955,2025-01-29 06:51:16,0.0001,tcn,200,32,0.001,"['type=ReduceLROnPlateau', 'mode=min', 'factor=0.1', 'patience=10', 'threshold=0.0001', 'min_lr=1e-06']",Adam,20250129_063645,7,6,0.2,gelu,group
63,0.012955609534685386,0.015524332819040865,0.021769937382560185,0.5691760274904908,2025-01-29 06:51:30,0.0001,tcn,200,32,0.001,"['type=ReduceLROnPlateau', 'mode=min', 'factor=0.1', 'patience=10', 'threshold=0.0001', 'min_lr=1e-06']",Adam,20250129_063645,7,6,0.2,gelu,group
64,0.0129253847367647,0.015507669841422413,0.021757880912188957,0.571516214696447,2025-01-29 06:51:44,0.0001,tcn,200,32,0.001,"['type=ReduceLROnPlateau', 'mode=min', 'factor=0.1', 'patience=10', 'threshold=0.0001', 'min_lr=1e-06']",Adam,20250129_063645,7,6,0.2,gelu,group
65,0.012879206765323833,0.015492242154943818,0.02174098699323027,0.5728350700040667,2025-01-29 06:51:58,0.0001,tcn,200,32,0.001,"['type=ReduceLROnPlateau', 'mode=min', 'factor=0.1', 'patience=10', 'threshold=0.0001', 'min_lr=1e-06']",Adam,20250129_063645,7,6,0.2,gelu,group
66,0.012843789832550101,0.01549365385392002,0.021737352117549395,0.5745783262421821,2025-01-29 06:52:12,0.0001,tcn,200,32,0.001,"['type=ReduceLROnPlateau', 'mode=min', 'factor=0.1', 'patience=10', 'threshold=0.0001', 'min_lr=1e-06']",Adam,20250129_063645,7,6,0.2,gelu,group
67,0.012819995653457804,0.01548983117513289,0.02174648708326547,0.5749546613246996,2025-01-29 06:52:26,0.0001,tcn,200,32,0.001,"['type=ReduceLROnPlateau', 'mode=min', 'factor=0.1', 'patience=10', 'threshold=0.0001', 'min_lr=1e-06']",Adam,20250129_063645,7,6,0.2,gelu,group
68,0.012759488085554571,0.015484907086633982,0.021756604740830902,0.5782788067930811,2025-01-29 06:52:41,0.0001,tcn,200,32,0.001,"['type=ReduceLROnPlateau', 'mode=min', 'factor=0.1', 'patience=10', 'threshold=0.0001', 'min_lr=1e-06']",Adam,20250129_063645,7,6,0.2,gelu,group
69,0.012727351596141688,0.015505181537357934,0.02176758926469605,0.5796789032511777,2025-01-29 06:52:55,0.0001,tcn,200,32,0.001,"['type=ReduceLROnPlateau', 'mode=min', 'factor=0.1', 'patience=10', 'threshold=0.0001', 'min_lr=1e-06']",Adam,20250129_063645,7,6,0.2,gelu,group
70,0.012698242004759178,0.01550415552506293,0.021764294482409612,0.5806868770766135,2025-01-29 06:53:08,0.0001,tcn,200,32,0.001,"['type=ReduceLROnPlateau', 'mode=min', 'factor=0.1', 'patience=10', 'threshold=0.0001', 'min_lr=1e-06']",Adam,20250129_063645,7,6,0.2,gelu,group
71,0.012676705678899364,0.015493045327640965,0.021775069598086613,0.5778912301809318,2025-01-29 06:53:22,0.0001,tcn,200,32,0.001,"['type=ReduceLROnPlateau', 'mode=min', 'factor=0.1', 'patience=10', 'threshold=0.0001', 'min_lr=1e-06']",Adam,20250129_063645,7,6,0.2,gelu,group
72,0.012649527458025415,0.015506796177615908,0.021773737706613578,0.5826969870439449,2025-01-29 06:53:36,0.0001,tcn,200,32,0.001,"['type=ReduceLROnPlateau', 'mode=min', 'factor=0.1', 'patience=10', 'threshold=0.0001', 'min_lr=1e-06']",Adam,20250129_063645,7,6,0.2,gelu,group
73,0.012618511160920805,0.015512528410943,0.021791162232372114,0.5830578980036233,2025-01-29 06:53:50,0.0001,tcn,200,32,0.001,"['type=ReduceLROnPlateau', 'mode=min', 'factor=0.1', 'patience=10', 'threshold=0.0001', 'min_lr=1e-06']",Adam,20250129_063645,7,6,0.2,gelu,group
74,0.012552580522180239,0.015504013700193124,0.02178706362527393,0.5802945413745657,2025-01-29 06:54:04,0.0001,tcn,200,32,0.001,"['type=ReduceLROnPlateau', 'mode=min', 'factor=0.1', 'patience=10', 'threshold=0.0001', 'min_lr=1e-06']",Adam,20250129_063645,7,6,0.2,gelu,group
75,0.012529469889492115,0.015500899210080469,0.02177207182039065,0.5800755496498824,2025-01-29 06:54:17,0.0001,tcn,200,32,0.001,"['type=ReduceLROnPlateau', 'mode=min', 'factor=0.1', 'patience=10', 'threshold=0.0001', 'min_lr=1e-06']",Adam,20250129_063645,7,6,0.2,gelu,group
76,0.012490380985347167,0.015512106838422853,0.02179443498476219,0.5809464677454418,2025-01-29 06:54:31,0.0001,tcn,200,32,0.001,"['type=ReduceLROnPlateau', 'mode=min', 'factor=0.1', 'patience=10', 'threshold=0.0001', 'min_lr=1e-06']",Adam,20250129_063645,7,6,0.2,gelu,group
77,0.012467686331862153,0.015513029614807255,0.02179569541696017,0.579977905959199,2025-01-29 06:54:45,0.0001,tcn,200,32,0.001,"['type=ReduceLROnPlateau', 'mode=min', 'factor=0.1', 'patience=10', 'threshold=0.0001', 'min_lr=1e-06']",Adam,20250129_063645,7,6,0.2,gelu,group
78,0.012426107291064066,0.015517875187155555,0.021793199273494313,0.5793634327044762,2025-01-29 06:54:59,0.0001,tcn,200,32,0.001,"['type=ReduceLROnPlateau', 'mode=min', 'factor=0.1', 'patience=10', 'threshold=0.0001', 'min_lr=1e-06']",Adam,20250129_063645,7,6,0.2,gelu,group
79,0.012396274426193885,0.01550711271359594,0.02179487566312321,0.5760380640195809,2025-01-29 06:55:12,1e-05,tcn,200,32,0.001,"['type=ReduceLROnPlateau', 'mode=min', 'factor=0.1', 'patience=10', 'threshold=0.0001', 'min_lr=1e-06']",Adam,20250129_063645,7,6,0.2,gelu,group
80,0.01223354708025709,0.015466105913967503,0.02178445766967641,0.5611356020522833,2025-01-29 06:55:27,1e-05,tcn,200,32,0.001,"['type=ReduceLROnPlateau', 'mode=min', 'factor=0.1', 'patience=10', 'threshold=0.0001', 'min_lr=1e-06']",Adam,20250129_063645,7,6,0.2,gelu,group
81,0.012171583974992333,0.015456788148023797,0.02178837467996922,0.559594053079642,2025-01-29 06:55:41,1e-05,tcn,200,32,0.001,"['type=ReduceLROnPlateau', 'mode=min', 'factor=0.1', 'patience=10', 'threshold=0.0001', 'min_lr=1e-06']",Adam,20250129_063645,7,6,0.2,gelu,group
82,0.01213719052938381,0.015454405012962661,0.021792749063062413,0.558683074884812,2025-01-29 06:55:55,1e-05,tcn,200,32,0.001,"['type=ReduceLROnPlateau', 'mode=min', 'factor=0.1', 'patience=10', 'threshold=0.0001', 'min_lr=1e-06']",Adam,20250129_063645,7,6,0.2,gelu,group
83,0.01211760484552431,0.015454919398958124,0.021789393841140394,0.5583144073547783,2025-01-29 06:56:09,1e-05,tcn,200,32,0.001,"['type=ReduceLROnPlateau', 'mode=min', 'factor=0.1', 'patience=10', 'threshold=0.0001', 'min_lr=1e-06']",Adam,20250129_063645,7,6,0.2,gelu,group
84,0.012093287130332234,0.015459666475784208,0.021795043889277322,0.5574291923688125,2025-01-29 06:56:23,1e-05,tcn,200,32,0.001,"['type=ReduceLROnPlateau', 'mode=min', 'factor=0.1', 'patience=10', 'threshold=0.0001', 'min_lr=1e-06']",Adam,20250129_063645,7,6,0.2,gelu,group
85,0.01207834166792653,0.015459564396818865,0.02179510406071299,0.5573657604653255,2025-01-29 06:56:37,1e-05,tcn,200,32,0.001,"['type=ReduceLROnPlateau', 'mode=min', 'factor=0.1', 'patience=10', 'threshold=0.0001', 'min_lr=1e-06']",Adam,20250129_063645,7,6,0.2,gelu,group
86,0.012070571529187784,0.015462087343553534,0.021803896534670453,0.5580716692245874,2025-01-29 06:56:51,1e-05,tcn,200,32,0.001,"['type=ReduceLROnPlateau', 'mode=min', 'factor=0.1', 'patience=10', 'threshold=0.0001', 'min_lr=1e-06']",Adam,20250129_063645,7,6,0.2,gelu,group
87,0.01206752182447306,0.015460709264941478,0.021804456503322127,0.5568531995513364,2025-01-29 06:57:05,1e-05,tcn,200,32,0.001,"['type=ReduceLROnPlateau', 'mode=min', 'factor=0.1', 'patience=10', 'threshold=0.0001', 'min_lr=1e-06']",Adam,20250129_063645,7,6,0.2,gelu,group
88,0.012081058375273332,0.015465476296115319,0.021803812255149362,0.556383999893938,2025-01-29 06:57:18,1e-05,tcn,200,32,0.001,"['type=ReduceLROnPlateau', 'mode=min', 'factor=0.1', 'patience=10', 'threshold=0.0001', 'min_lr=1e-06']",Adam,20250129_063645,7,6,0.2,gelu,group
89,0.012051083652796678,0.015465611763838157,0.021808135960133094,0.5560631780671954,2025-01-29 06:57:32,1e-05,tcn,200,32,0.001,"['type=ReduceLROnPlateau', 'mode=min', 'factor=0.1', 'patience=10', 'threshold=0.0001', 'min_lr=1e-06']",Adam,20250129_063645,7,6,0.2,gelu,group
90,0.012050638860517477,0.015466758306247016,0.021808344642244536,0.5546248998149668,2025-01-29 06:57:46,1e-05,tcn,200,32,0.001,"['type=ReduceLROnPlateau', 'mode=min', 'factor=0.1', 'patience=10', 'threshold=0.0001', 'min_lr=1e-06']",Adam,20250129_063645,7,6,0.2,gelu,group
91,0.012030509141949574,0.015467163333783545,0.02181292174066056,0.5549642672653522,2025-01-29 06:58:00,1e-05,tcn,200,32,0.001,"['type=ReduceLROnPlateau', 'mode=min', 'factor=0.1', 'patience=10', 'threshold=0.0001', 'min_lr=1e-06']",Adam,20250129_063645,7,6,0.2,gelu,group
92,0.012050511166467558,0.015463193712204426,0.021809283834016646,0.5536641877623907,2025-01-29 06:58:14,1e-05,tcn,200,32,0.001,"['type=ReduceLROnPlateau', 'mode=min', 'factor=0.1', 'patience=10', 'threshold=0.0001', 'min_lr=1e-06']",Adam,20250129_063645,7,6,0.2,gelu,group
93,0.012038505714097083,0.01546957750508788,0.021811962565477277,0.5532257718002465,2025-01-29 06:58:28,1.0000000000000002e-06,tcn,200,32,0.001,"['type=ReduceLROnPlateau', 'mode=min', 'factor=0.1', 'patience=10', 'threshold=0.0001', 'min_lr=1e-06']",Adam,20250129_063645,7,6,0.2,gelu,group
94,0.011981811612012524,0.015465330323269678,0.021813636093631232,0.5535777760325412,2025-01-29 06:58:42,1.0000000000000002e-06,tcn,200,32,0.001,"['type=ReduceLROnPlateau', 'mode=min', 'factor=0.1', 'patience=10', 'threshold=0.0001', 'min_lr=1e-06']",Adam,20250129_063645,7,6,0.2,gelu,group
95,0.011971483146061938,0.01546258313668931,0.02181485832764345,0.5536743457113852,2025-01-29 06:58:55,1.0000000000000002e-06,tcn,200,32,0.001,"['type=ReduceLROnPlateau', 'mode=min', 'factor=0.1', 'patience=10', 'threshold=0.0001', 'min_lr=1e-06']",Adam,20250129_063645,7,6,0.2,gelu,group
96,0.011961767664704494,0.015460619188042219,0.021816260659123145,0.5537693812501244,2025-01-29 06:59:09,1.0000000000000002e-06,tcn,200,32,0.001,"['type=ReduceLROnPlateau', 'mode=min', 'factor=0.1', 'patience=10', 'threshold=0.0001', 'min_lr=1e-06']",Adam,20250129_063645,7,6,0.2,gelu,group
97,0.011979755142734886,0.015459538007124596,0.021817049547770813,0.5538594923644766,2025-01-29 06:59:23,1.0000000000000002e-06,tcn,200,32,0.001,"['type=ReduceLROnPlateau', 'mode=min', 'factor=0.1', 'patience=10', 'threshold=0.0001', 'min_lr=1e-06']",Adam,20250129_063645,7,6,0.2,gelu,group
98,0.011973844325913844,0.015459307146973465,0.021817569097269434,0.5539033552193182,2025-01-29 06:59:37,1.0000000000000002e-06,tcn,200,32,0.001,"['type=ReduceLROnPlateau', 'mode=min', 'factor=0.1', 'patience=10', 'threshold=0.0001', 'min_lr=1e-06']",Adam,20250129_063645,7,6,0.2,gelu,group
99,0.011963066993431734,0.015458914820538946,0.021818849910912336,0.5539424317427979,2025-01-29 06:59:51,1.0000000000000002e-06,tcn,200,32,0.001,"['type=ReduceLROnPlateau', 'mode=min', 'factor=0.1', 'patience=10', 'threshold=0.0001', 'min_lr=1e-06']",Adam,20250129_063645,7,6,0.2,gelu,group
100,0.011962715656959406,0.015458139121177755,0.021819234207699257,0.553852934886044,2025-01-29 07:00:05,1.0000000000000002e-06,tcn,200,32,0.001,"['type=ReduceLROnPlateau', 'mode=min', 'factor=0.1', 'patience=10', 'threshold=0.0001', 'min_lr=1e-06']",Adam,20250129_063645,7,6,0.2,gelu,group
